region,region_code,metric,year,value,source,method,ci_lower,ci_upper
North East,E12000001,total_population,1981,2636194.0,historical,observed,,
North East,E12000001,total_population,1982,2624248.0,historical,observed,,
North East,E12000001,total_population,1983,2616854.0,historical,observed,,
North East,E12000001,total_population,1984,2609362.0,historical,observed,,
North East,E12000001,total_population,1985,2601689.0,historical,observed,,
North East,E12000001,total_population,1986,2594213.0,historical,observed,,
North East,E12000001,total_population,1987,2589779.0,historical,observed,,
North East,E12000001,total_population,1988,2582285.0,historical,observed,,
North East,E12000001,total_population,1989,2582114.0,historical,observed,,
North East,E12000001,total_population,1990,2584320.0,historical,observed,,
North East,E12000001,total_population,1991,2586986.0,historical,observed,,
North East,E12000001,total_population,1992,2591333.0,historical,observed,,
North East,E12000001,total_population,1993,2593948.0,historical,observed,,
North East,E12000001,total_population,1994,2588661.0,historical,observed,,
North East,E12000001,total_population,1995,2582715.0,historical,observed,,
North East,E12000001,total_population,1996,2576450.0,historical,observed,,
North East,E12000001,total_population,1997,2568066.0,historical,observed,,
North East,E12000001,total_population,1998,2560883.0,historical,observed,,
North East,E12000001,total_population,1999,2550314.0,historical,observed,,
North East,E12000001,total_population,2000,2543421.0,historical,observed,,
North East,E12000001,total_population,2001,2540090.0,historical,observed,,
North East,E12000001,total_population,2002,2540600.0,historical,observed,,
North East,E12000001,total_population,2003,2540461.0,historical,observed,,
North East,E12000001,total_population,2004,2540502.0,historical,observed,,
North East,E12000001,total_population,2005,2547127.0,historical,observed,,
North East,E12000001,total_population,2006,2552568.0,historical,observed,,
North East,E12000001,total_population,2007,2562045.0,historical,observed,,
North East,E12000001,total_population,2008,2569312.0,historical,observed,,
North East,E12000001,total_population,2009,2575441.0,historical,observed,,
North East,E12000001,total_population,2010,2586868.0,historical,observed,,
North East,E12000001,total_population,2011,2596441.0,historical,observed,,
North East,E12000001,total_population,2012,2598972.0,historical,observed,,
North East,E12000001,total_population,2013,2603299.0,historical,observed,,
North East,E12000001,total_population,2014,2610482.0,historical,observed,,
North East,E12000001,total_population,2015,2611804.0,historical,observed,,
North East,E12000001,total_population,2016,2618253.0,historical,observed,,
North East,E12000001,total_population,2017,2623787.0,historical,observed,,
North East,E12000001,total_population,2018,2629393.0,historical,observed,,
North East,E12000001,total_population,2019,2636676.0,historical,observed,,
North East,E12000001,total_population,2020,2637426.0,historical,observed,,
North East,E12000001,total_population,2021,2647493.0,historical,observed,,
North East,E12000001,total_population,2022,2684586.0,historical,observed,,
North East,E12000001,total_population,2023,2724805.0,historical,observed,,
North East,E12000001,total_population,2024,2760678.0,historical,observed,,
North East,E12000001,total_population,2025,2760641.7039050744,forecast,"arima(1, 1, 1)",2736828.6483154013,2784454.7594947475
North East,E12000001,total_population,2026,2760660.4642224545,forecast,"arima(1, 1, 1)",2727009.7207243787,2794311.20772053
North East,E12000001,total_population,2027,2760650.7676005745,forecast,"arima(1, 1, 1)",2719436.837903696,2801864.697297453
North East,E12000001,total_population,2028,2760655.779481449,forecast,"arima(1, 1, 1)",2713070.7414489305,2808240.817513968
North East,E12000001,total_population,2029,2760653.1889968235,forecast,"arima(1, 1, 1)",2707452.3867294863,2813853.9912641607
North East,E12000001,total_population,2030,2760654.5279373857,forecast,"arima(1, 1, 1)",2702377.6889777905,2818931.366896981
North East,E12000001,working_age_population,1992,1647791.0,historical,observed,,
North East,E12000001,working_age_population,1993,1644872.0,historical,observed,,
North East,E12000001,working_age_population,1994,1637341.0,historical,observed,,
North East,E12000001,working_age_population,1995,1633738.0,historical,observed,,
North East,E12000001,working_age_population,1996,1631015.0,historical,observed,,
North East,E12000001,working_age_population,1997,1626732.0,historical,observed,,
North East,E12000001,working_age_population,1998,1624352.0,historical,observed,,
North East,E12000001,working_age_population,1999,1619930.0,historical,observed,,
North East,E12000001,working_age_population,2000,1618072.0,historical,observed,,
North East,E12000001,working_age_population,2001,1620014.0,historical,observed,,
North East,E12000001,working_age_population,2002,1626436.0,historical,observed,,
North East,E12000001,working_age_population,2003,1629487.0,historical,observed,,
North East,E12000001,working_age_population,2004,1633579.0,historical,observed,,
North East,E12000001,working_age_population,2005,1643239.0,historical,observed,,
North East,E12000001,working_age_population,2006,1651943.0,historical,observed,,
North East,E12000001,working_age_population,2007,1663504.0,historical,observed,,
North East,E12000001,working_age_population,2008,1670736.0,historical,observed,,
North East,E12000001,working_age_population,2009,1674451.0,historical,observed,,
North East,E12000001,working_age_population,2010,1679691.0,historical,observed,,
North East,E12000001,working_age_population,2011,1681674.0,historical,observed,,
North East,E12000001,working_age_population,2012,1668762.0,historical,observed,,
North East,E12000001,working_age_population,2013,1662338.0,historical,observed,,
North East,E12000001,working_age_population,2014,1657915.0,historical,observed,,
North East,E12000001,working_age_population,2015,1651471.0,historical,observed,,
North East,E12000001,working_age_population,2016,1647815.0,historical,observed,,
North East,E12000001,working_age_population,2017,1643042.0,historical,observed,,
North East,E12000001,working_age_population,2018,1638969.0,historical,observed,,
North East,E12000001,working_age_population,2019,1635738.0,historical,observed,,
North East,E12000001,working_age_population,2020,1632813.0,historical,observed,,
North East,E12000001,working_age_population,2021,1635449.0,historical,observed,,
North East,E12000001,working_age_population,2022,1658911.0,historical,observed,,
North East,E12000001,working_age_population,2023,1684158.0,historical,observed,,
North East,E12000001,working_age_population,2024,1706169.0,historical,observed,,
North East,E12000001,working_age_population,2025,1706002.9121023219,forecast,"arima(1, 1, 1)",1695232.3959212378,1716773.428283406
North East,E12000001,working_age_population,2026,1705881.3220194269,forecast,"arima(1, 1, 1)",1690674.5282155115,1721088.1158233422
North East,E12000001,working_age_population,2027,1705792.3080186173,forecast,"arima(1, 1, 1)",1687193.026448999,1724391.5895882356
North East,E12000001,working_age_population,2028,1705727.1424051768,forecast,"arima(1, 1, 1)",1684274.5461256765,1727179.738684677
North East,E12000001,working_age_population,2029,1705679.4357844603,forecast,"arima(1, 1, 1)",1681717.013781541,1729641.8577873795
North East,E12000001,working_age_population,2030,1705644.5105909414,forecast,"arima(1, 1, 1)",1679415.435327899,1731873.5858539839
North West,E12000002,total_population,1981,6940324.0,historical,observed,,
North West,E12000002,total_population,1982,6907328.0,historical,observed,,
North West,E12000002,total_population,1983,6880943.0,historical,observed,,
North West,E12000002,total_population,1984,6860934.0,historical,observed,,
North West,E12000002,total_population,1985,6847898.0,historical,observed,,
North West,E12000002,total_population,1986,6832680.0,historical,observed,,
North West,E12000002,total_population,1987,6820667.0,historical,observed,,
North West,E12000002,total_population,1988,6811642.0,historical,observed,,
North West,E12000002,total_population,1989,6824728.0,historical,observed,,
North West,E12000002,total_population,1990,6829393.0,historical,observed,,
North West,E12000002,total_population,1991,6843039.0,historical,observed,,
North West,E12000002,total_population,1992,6841029.0,historical,observed,,
North West,E12000002,total_population,1993,6846740.0,historical,observed,,
North West,E12000002,total_population,1994,6838904.0,historical,observed,,
North West,E12000002,total_population,1995,6827940.0,historical,observed,,
North West,E12000002,total_population,1996,6809646.0,historical,observed,,
North West,E12000002,total_population,1997,6794378.0,historical,observed,,
North West,E12000002,total_population,1998,6792173.0,historical,observed,,
North West,E12000002,total_population,1999,6773115.0,historical,observed,,
North West,E12000002,total_population,2000,6774223.0,historical,observed,,
North West,E12000002,total_population,2001,6772985.0,historical,observed,,
North West,E12000002,total_population,2002,6784880.0,historical,observed,,
North West,E12000002,total_population,2003,6814660.0,historical,observed,,
North West,E12000002,total_population,2004,6840369.0,historical,observed,,
North West,E12000002,total_population,2005,6870021.0,historical,observed,,
North West,E12000002,total_population,2006,6901585.0,historical,observed,,
North West,E12000002,total_population,2007,6929277.0,historical,observed,,
North West,E12000002,total_population,2008,6958547.0,historical,observed,,
North West,E12000002,total_population,2009,6986156.0,historical,observed,,
North West,E12000002,total_population,2010,7019921.0,historical,observed,,
North West,E12000002,total_population,2011,7055961.0,historical,observed,,
North West,E12000002,total_population,2012,7079344.0,historical,observed,,
North West,E12000002,total_population,2013,7105146.0,historical,observed,,
North West,E12000002,total_population,2014,7141096.0,historical,observed,,
North West,E12000002,total_population,2015,7182651.0,historical,observed,,
North West,E12000002,total_population,2016,7234141.0,historical,observed,,
North West,E12000002,total_population,2017,7275765.0,historical,observed,,
North West,E12000002,total_population,2018,7316116.0,historical,observed,,
North West,E12000002,total_population,2019,7363267.0,historical,observed,,
North West,E12000002,total_population,2020,7380605.0,historical,observed,,
North West,E12000002,total_population,2021,7424092.0,historical,observed,,
North West,E12000002,total_population,2022,7526285.0,historical,observed,,
North West,E12000002,total_population,2023,7634293.0,historical,observed,,
North West,E12000002,total_population,2024,7737414.0,historical,observed,,
North West,E12000002,total_population,2025,7736386.39140083,forecast,"arima(1, 1, 1)",7707868.227425121,7764904.555376539
North West,E12000002,total_population,2026,7735696.218349025,forecast,"arima(1, 1, 1)",7695445.613244844,7775946.823453206
North West,E12000002,total_population,2027,7735232.677228579,forecast,"arima(1, 1, 1)",7686012.636802706,7784452.717654453
North West,E12000002,total_population,2028,7734921.348975786,forecast,"arima(1, 1, 1)",7678156.7852474,7791685.912704172
North West,E12000002,total_population,2029,7734712.251494004,forecast,"arima(1, 1, 1)",7671309.762048192,7798114.740939816
North West,E12000002,total_population,2030,7734571.815293643,forecast,"arima(1, 1, 1)",7665172.739220608,7803970.891366677
North West,E12000002,working_age_population,1992,4315286.0,historical,observed,,
North West,E12000002,working_age_population,1993,4308153.0,historical,observed,,
North West,E12000002,working_age_population,1994,4294988.0,historical,observed,,
North West,E12000002,working_age_population,1995,4287680.0,historical,observed,,
North West,E12000002,working_age_population,1996,4281167.0,historical,observed,,
North West,E12000002,working_age_population,1997,4274003.0,historical,observed,,
North West,E12000002,working_age_population,1998,4280966.0,historical,observed,,
North West,E12000002,working_age_population,1999,4274839.0,historical,observed,,
North West,E12000002,working_age_population,2000,4286286.0,historical,observed,,
North West,E12000002,working_age_population,2001,4297158.0,historical,observed,,
North West,E12000002,working_age_population,2002,4320679.0,historical,observed,,
North West,E12000002,working_age_population,2003,4355515.0,historical,observed,,
North West,E12000002,working_age_population,2004,4388411.0,historical,observed,,
North West,E12000002,working_age_population,2005,4421943.0,historical,observed,,
North West,E12000002,working_age_population,2006,4459156.0,historical,observed,,
North West,E12000002,working_age_population,2007,4489262.0,historical,observed,,
North West,E12000002,working_age_population,2008,4510595.0,historical,observed,,
North West,E12000002,working_age_population,2009,4522996.0,historical,observed,,
North West,E12000002,working_age_population,2010,4538567.0,historical,observed,,
North West,E12000002,working_age_population,2011,4552765.0,historical,observed,,
North West,E12000002,working_age_population,2012,4527876.0,historical,observed,,
North West,E12000002,working_age_population,2013,4519042.0,historical,observed,,
North West,E12000002,working_age_population,2014,4518731.0,historical,observed,,
North West,E12000002,working_age_population,2015,4530458.0,historical,observed,,
North West,E12000002,working_age_population,2016,4548474.0,historical,observed,,
North West,E12000002,working_age_population,2017,4561830.0,historical,observed,,
North West,E12000002,working_age_population,2018,4576685.0,historical,observed,,
North West,E12000002,working_age_population,2019,4597018.0,historical,observed,,
North West,E12000002,working_age_population,2020,4607552.0,historical,observed,,
North West,E12000002,working_age_population,2021,4639384.0,historical,observed,,
North West,E12000002,working_age_population,2022,4703314.0,historical,observed,,
North West,E12000002,working_age_population,2023,4774559.0,historical,observed,,
North West,E12000002,working_age_population,2024,4840994.0,historical,observed,,
North West,E12000002,working_age_population,2025,4857495.460052212,forecast,"arima(1, 1, 1)",4818151.069359529,4896839.850744895
North West,E12000002,working_age_population,2026,4873996.873364946,forecast,"arima(1, 1, 1)",4818260.85493557,4929732.891794322
North West,E12000002,working_age_population,2027,4890498.239938334,forecast,"arima(1, 1, 1)",4822120.114840666,4958876.365036001
North West,E12000002,working_age_population,2028,4906999.559772508,forecast,"arima(1, 1, 1)",4827909.9031716315,4986089.216373385
North West,E12000002,working_age_population,2029,4923500.832867602,forecast,"arima(1, 1, 1)",4834927.015651648,5012074.650083556
North West,E12000002,working_age_population,2030,4940002.059223747,forecast,"arima(1, 1, 1)",4842811.473699825,5037192.644747669
Yorkshire & Humber,E12000003,total_population,1981,4918532.0,historical,observed,,
Yorkshire & Humber,E12000003,total_population,1982,4906968.0,historical,observed,,
Yorkshire & Humber,E12000003,total_population,1983,4902498.0,historical,observed,,
Yorkshire & Humber,E12000003,total_population,1984,4894854.0,historical,observed,,
Yorkshire & Humber,E12000003,total_population,1985,4889690.0,historical,observed,,
Yorkshire & Humber,E12000003,total_population,1986,4883634.0,historical,observed,,
Yorkshire & Humber,E12000003,total_population,1987,4879150.0,historical,observed,,
Yorkshire & Humber,E12000003,total_population,1988,4888711.0,historical,observed,,
Yorkshire & Humber,E12000003,total_population,1989,4912364.0,historical,observed,,
Yorkshire & Humber,E12000003,total_population,1990,4921028.0,historical,observed,,
Yorkshire & Humber,E12000003,total_population,1991,4936100.0,historical,observed,,
Yorkshire & Humber,E12000003,total_population,1992,4949033.0,historical,observed,,
Yorkshire & Humber,E12000003,total_population,1993,4954142.0,historical,observed,,
Yorkshire & Humber,E12000003,total_population,1994,4960087.0,historical,observed,,
Yorkshire & Humber,E12000003,total_population,1995,4960575.0,historical,observed,,
Yorkshire & Humber,E12000003,total_population,1996,4961254.0,historical,observed,,
Yorkshire & Humber,E12000003,total_population,1997,4957561.0,historical,observed,,
Yorkshire & Humber,E12000003,total_population,1998,4957703.0,historical,observed,,
Yorkshire & Humber,E12000003,total_population,1999,4956325.0,historical,observed,,
Yorkshire & Humber,E12000003,total_population,2000,4958609.0,historical,observed,,
Yorkshire & Humber,E12000003,total_population,2001,4976643.0,historical,observed,,
Yorkshire & Humber,E12000003,total_population,2002,5000111.0,historical,observed,,
Yorkshire & Humber,E12000003,total_population,2003,5026314.0,historical,observed,,
Yorkshire & Humber,E12000003,total_population,2004,5063199.0,historical,observed,,
Yorkshire & Humber,E12000003,total_population,2005,5108408.0,historical,observed,,
Yorkshire & Humber,E12000003,total_population,2006,5134016.0,historical,observed,,
Yorkshire & Humber,E12000003,total_population,2007,5164138.0,historical,observed,,
Yorkshire & Humber,E12000003,total_population,2008,5198675.0,historical,observed,,
Yorkshire & Humber,E12000003,total_population,2009,5223344.0,historical,observed,,
Yorkshire & Humber,E12000003,total_population,2010,5254788.0,historical,observed,,
Yorkshire & Humber,E12000003,total_population,2011,5288212.0,historical,observed,,
Yorkshire & Humber,E12000003,total_population,2012,5313486.0,historical,observed,,
Yorkshire & Humber,E12000003,total_population,2013,5335092.0,historical,observed,,
Yorkshire & Humber,E12000003,total_population,2014,5356428.0,historical,observed,,
Yorkshire & Humber,E12000003,total_population,2015,5377362.0,historical,observed,,
Yorkshire & Humber,E12000003,total_population,2016,5408058.0,historical,observed,,
Yorkshire & Humber,E12000003,total_population,2017,5427784.0,historical,observed,,
Yorkshire & Humber,E12000003,total_population,2018,5443883.0,historical,observed,,
Yorkshire & Humber,E12000003,total_population,2019,5464651.0,historical,observed,,
Yorkshire & Humber,E12000003,total_population,2020,5468487.0,historical,observed,,
Yorkshire & Humber,E12000003,total_population,2021,5482455.0,historical,observed,,
Yorkshire & Humber,E12000003,total_population,2022,5541088.0,historical,observed,,
Yorkshire & Humber,E12000003,total_population,2023,5610523.0,historical,observed,,
Yorkshire & Humber,E12000003,total_population,2024,5672962.0,historical,observed,,
Yorkshire & Humber,E12000003,total_population,2025,5698867.3054100815,forecast,"arima(1, 1, 1)",5655637.933941968,5742096.676878195
Yorkshire & Humber,E12000003,total_population,2026,5724772.475373636,forecast,"arima(1, 1, 1)",5663497.8348735375,5786047.1158737345
Yorkshire & Humber,E12000003,total_population,2027,5750677.509891372,forecast,"arima(1, 1, 1)",5675461.760287236,5825893.259495508
Yorkshire & Humber,E12000003,total_population,2028,5776582.408963998,forecast,"arima(1, 1, 1)",5689534.946199926,5863629.87172807
Yorkshire & Humber,E12000003,total_population,2029,5802487.172592221,forecast,"arima(1, 1, 1)",5704946.735440672,5900027.609743769
Yorkshire & Humber,E12000003,total_population,2030,5828391.80077675,forecast,"arima(1, 1, 1)",5721302.878555463,5935480.722998037
Yorkshire & Humber,E12000003,working_age_population,1992,3141180.0,historical,observed,,
Yorkshire & Humber,E12000003,working_age_population,1993,3132632.0,historical,observed,,
Yorkshire & Humber,E12000003,working_age_population,1994,3129366.0,historical,observed,,
Yorkshire & Humber,E12000003,working_age_population,1995,3126918.0,historical,observed,,
Yorkshire & Humber,E12000003,working_age_population,1996,3128518.0,historical,observed,,
Yorkshire & Humber,E12000003,working_age_population,1997,3128025.0,historical,observed,,
Yorkshire & Humber,E12000003,working_age_population,1998,3130462.0,historical,observed,,
Yorkshire & Humber,E12000003,working_age_population,1999,3133266.0,historical,observed,,
Yorkshire & Humber,E12000003,working_age_population,2000,3140324.0,historical,observed,,
Yorkshire & Humber,E12000003,working_age_population,2001,3161573.0,historical,observed,,
Yorkshire & Humber,E12000003,working_age_population,2002,3188270.0,historical,observed,,
Yorkshire & Humber,E12000003,working_age_population,2003,3216088.0,historical,observed,,
Yorkshire & Humber,E12000003,working_age_population,2004,3253535.0,historical,observed,,
Yorkshire & Humber,E12000003,working_age_population,2005,3296402.0,historical,observed,,
Yorkshire & Humber,E12000003,working_age_population,2006,3322437.0,historical,observed,,
Yorkshire & Humber,E12000003,working_age_population,2007,3349351.0,historical,observed,,
Yorkshire & Humber,E12000003,working_age_population,2008,3373479.0,historical,observed,,
Yorkshire & Humber,E12000003,working_age_population,2009,3382687.0,historical,observed,,
Yorkshire & Humber,E12000003,working_age_population,2010,3396140.0,historical,observed,,
Yorkshire & Humber,E12000003,working_age_population,2011,3409275.0,historical,observed,,
Yorkshire & Humber,E12000003,working_age_population,2012,3399972.0,historical,observed,,
Yorkshire & Humber,E12000003,working_age_population,2013,3395334.0,historical,observed,,
Yorkshire & Humber,E12000003,working_age_population,2014,3391621.0,historical,observed,,
Yorkshire & Humber,E12000003,working_age_population,2015,3393464.0,historical,observed,,
Yorkshire & Humber,E12000003,working_age_population,2016,3402093.0,historical,observed,,
Yorkshire & Humber,E12000003,working_age_population,2017,3403569.0,historical,observed,,
Yorkshire & Humber,E12000003,working_age_population,2018,3404385.0,historical,observed,,
Yorkshire & Humber,E12000003,working_age_population,2019,3409234.0,historical,observed,,
Yorkshire & Humber,E12000003,working_age_population,2020,3409982.0,historical,observed,,
Yorkshire & Humber,E12000003,working_age_population,2021,3416409.0,historical,observed,,
Yorkshire & Humber,E12000003,working_age_population,2022,3451940.0,historical,observed,,
Yorkshire & Humber,E12000003,working_age_population,2023,3495366.0,historical,observed,,
Yorkshire & Humber,E12000003,working_age_population,2024,3533340.0,historical,observed,,
Yorkshire & Humber,E12000003,working_age_population,2025,3544642.714068562,forecast,"arima(1, 1, 1)",3526006.8695261697,3563278.558610954
Yorkshire & Humber,E12000003,working_age_population,2026,3555945.2913141716,forecast,"arima(1, 1, 1)",3529547.8124727695,3582342.7701555737
Yorkshire & Humber,E12000003,working_age_population,2027,3567247.731738486,forecast,"arima(1, 1, 1)",3534865.691322572,3599629.7721543997
Yorkshire & Humber,E12000003,working_age_population,2028,3578550.035343161,forecast,"arima(1, 1, 1)",3541098.685058681,3616001.385627641
Yorkshire & Humber,E12000003,working_age_population,2029,3589852.2021298525,forecast,"arima(1, 1, 1)",3547913.5784226176,3631790.8258370874
Yorkshire & Humber,E12000003,working_age_population,2030,3601154.232100217,forecast,"arima(1, 1, 1)",3555139.7769599846,3647168.6872404497
East Midlands,E12000004,total_population,1981,3852683.0,historical,observed,,
East Midlands,E12000004,total_population,1982,3849393.0,historical,observed,,
East Midlands,E12000004,total_population,1983,3854682.0,historical,observed,,
East Midlands,E12000004,total_population,1984,3866784.0,historical,observed,,
East Midlands,E12000004,total_population,1985,3887502.0,historical,observed,,
East Midlands,E12000004,total_population,1986,3907811.0,historical,observed,,
East Midlands,E12000004,total_population,1987,3925293.0,historical,observed,,
East Midlands,E12000004,total_population,1988,3950708.0,historical,observed,,
East Midlands,E12000004,total_population,1989,3976079.0,historical,observed,,
East Midlands,E12000004,total_population,1990,3992976.0,historical,observed,,
East Midlands,E12000004,total_population,1991,4011411.0,historical,observed,,
East Midlands,E12000004,total_population,1992,4036691.0,historical,observed,,
East Midlands,E12000004,total_population,1993,4055893.0,historical,observed,,
East Midlands,E12000004,total_population,1994,4071720.0,historical,observed,,
East Midlands,E12000004,total_population,1995,4091663.0,historical,observed,,
East Midlands,E12000004,total_population,1996,4108070.0,historical,observed,,
East Midlands,E12000004,total_population,1997,4120320.0,historical,observed,,
East Midlands,E12000004,total_population,1998,4132645.0,historical,observed,,
East Midlands,E12000004,total_population,1999,4152443.0,historical,observed,,
East Midlands,E12000004,total_population,2000,4168076.0,historical,observed,,
East Midlands,E12000004,total_population,2001,4189622.0,historical,observed,,
East Midlands,E12000004,total_population,2002,4221753.0,historical,observed,,
East Midlands,E12000004,total_population,2003,4255080.0,historical,observed,,
East Midlands,E12000004,total_population,2004,4291476.0,historical,observed,,
East Midlands,E12000004,total_population,2005,4329112.0,historical,observed,,
East Midlands,E12000004,total_population,2006,4366676.0,historical,observed,,
East Midlands,E12000004,total_population,2007,4404774.0,historical,observed,,
East Midlands,E12000004,total_population,2008,4441125.0,historical,observed,,
East Midlands,E12000004,total_population,2009,4471653.0,historical,observed,,
East Midlands,E12000004,total_population,2010,4507071.0,historical,observed,,
East Midlands,E12000004,total_population,2011,4537448.0,historical,observed,,
East Midlands,E12000004,total_population,2012,4570702.0,historical,observed,,
East Midlands,E12000004,total_population,2013,4604568.0,historical,observed,,
East Midlands,E12000004,total_population,2014,4642629.0,historical,observed,,
East Midlands,E12000004,total_population,2015,4681640.0,historical,observed,,
East Midlands,E12000004,total_population,2016,4731615.0,historical,observed,,
East Midlands,E12000004,total_population,2017,4778346.0,historical,observed,,
East Midlands,E12000004,total_population,2018,4815151.0,historical,observed,,
East Midlands,E12000004,total_population,2019,4844001.0,historical,observed,,
East Midlands,E12000004,total_population,2020,4855469.0,historical,observed,,
East Midlands,E12000004,total_population,2021,4881559.0,historical,observed,,
East Midlands,E12000004,total_population,2022,4936277.0,historical,observed,,
East Midlands,E12000004,total_population,2023,5004242.0,historical,observed,,
East Midlands,E12000004,total_population,2024,5063164.0,historical,observed,,
East Midlands,E12000004,total_population,2025,5091527.257426027,forecast,"arima(1, 1, 1)",5076063.548053134,5106990.96679892
East Midlands,E12000004,total_population,2026,5119890.395732329,forecast,"arima(1, 1, 1)",5097959.827718116,5141820.963746542
East Midlands,E12000004,total_population,2027,5148253.414919407,forecast,"arima(1, 1, 1)",5121318.855079484,5175187.97475933
East Midlands,E12000004,total_population,2028,5176616.314987761,forecast,"arima(1, 1, 1)",5145428.362108443,5207804.267867079
East Midlands,E12000004,total_population,2029,5204979.095937891,forecast,"arima(1, 1, 1)",5170013.348659696,5239944.843216086
East Midlands,E12000004,total_population,2030,5233341.757770297,forecast,"arima(1, 1, 1)",5194933.220389519,5271750.295151075
East Midlands,E12000004,working_age_population,1992,2578116.0,historical,observed,,
East Midlands,E12000004,working_age_population,1993,2583477.0,historical,observed,,
East Midlands,E12000004,working_age_population,1994,2588508.0,historical,observed,,
East Midlands,E12000004,working_age_population,1995,2599638.0,historical,observed,,
East Midlands,E12000004,working_age_population,1996,2612702.0,historical,observed,,
East Midlands,E12000004,working_age_population,1997,2622069.0,historical,observed,,
East Midlands,E12000004,working_age_population,1998,2631575.0,historical,observed,,
East Midlands,E12000004,working_age_population,1999,2647199.0,historical,observed,,
East Midlands,E12000004,working_age_population,2000,2660124.0,historical,observed,,
East Midlands,E12000004,working_age_population,2001,2678372.0,historical,observed,,
East Midlands,E12000004,working_age_population,2002,2706046.0,historical,observed,,
East Midlands,E12000004,working_age_population,2003,2734221.0,historical,observed,,
East Midlands,E12000004,working_age_population,2004,2766396.0,historical,observed,,
East Midlands,E12000004,working_age_population,2005,2799469.0,historical,observed,,
East Midlands,E12000004,working_age_population,2006,2833494.0,historical,observed,,
East Midlands,E12000004,working_age_population,2007,2862836.0,historical,observed,,
East Midlands,E12000004,working_age_population,2008,2882436.0,historical,observed,,
East Midlands,E12000004,working_age_population,2009,2893509.0,historical,observed,,
East Midlands,E12000004,working_age_population,2010,2908899.0,historical,observed,,
East Midlands,E12000004,working_age_population,2011,2919158.0,historical,observed,,
East Midlands,E12000004,working_age_population,2012,2916044.0,historical,observed,,
East Midlands,E12000004,working_age_population,2013,2920926.0,historical,observed,,
East Midlands,E12000004,working_age_population,2014,2931881.0,historical,observed,,
East Midlands,E12000004,working_age_population,2015,2948132.0,historical,observed,,
East Midlands,E12000004,working_age_population,2016,2972061.0,historical,observed,,
East Midlands,E12000004,working_age_population,2017,2994325.0,historical,observed,,
East Midlands,E12000004,working_age_population,2018,3010552.0,historical,observed,,
East Midlands,E12000004,working_age_population,2019,3021159.0,historical,observed,,
East Midlands,E12000004,working_age_population,2020,3027024.0,historical,observed,,
East Midlands,E12000004,working_age_population,2021,3042790.0,historical,observed,,
East Midlands,E12000004,working_age_population,2022,3071450.0,historical,observed,,
East Midlands,E12000004,working_age_population,2023,3112252.0,historical,observed,,
East Midlands,E12000004,working_age_population,2024,3146117.0,historical,observed,,
East Midlands,E12000004,working_age_population,2025,3162680.6114055566,forecast,"arima(1, 1, 1)",3144885.8510248624,3180475.3717862507
East Midlands,E12000004,working_age_population,2026,3179244.060665083,forecast,"arima(1, 1, 1)",3154011.9815316275,3204476.1397985388
East Midlands,E12000004,working_age_population,2027,3195807.3477801667,forecast,"arima(1, 1, 1)",3164823.272155349,3226791.423404984
East Midlands,E12000004,working_age_population,2028,3212370.472752395,forecast,"arima(1, 1, 1)",3176499.6091868063,3248241.336317984
East Midlands,E12000004,working_age_population,2029,3228933.4355833554,forecast,"arima(1, 1, 1)",3188724.2882360253,3269142.5829306855
East Midlands,E12000004,working_age_population,2030,3245496.2362746345,forecast,"arima(1, 1, 1)",3201335.3604244967,3289657.1121247723
West Midlands,E12000005,total_population,1981,5186641.0,historical,observed,,
West Midlands,E12000005,total_population,1982,5178948.0,historical,observed,,
West Midlands,E12000005,total_population,1983,5174671.0,historical,observed,,
West Midlands,E12000005,total_population,1984,5174068.0,historical,observed,,
West Midlands,E12000005,total_population,1985,5181531.0,historical,observed,,
West Midlands,E12000005,total_population,1986,5179950.0,historical,observed,,
West Midlands,E12000005,total_population,1987,5194570.0,historical,observed,,
West Midlands,E12000005,total_population,1988,5204005.0,historical,observed,,
West Midlands,E12000005,total_population,1989,5213605.0,historical,observed,,
West Midlands,E12000005,total_population,1990,5218405.0,historical,observed,,
West Midlands,E12000005,total_population,1991,5229699.0,historical,observed,,
West Midlands,E12000005,total_population,1992,5237375.0,historical,observed,,
West Midlands,E12000005,total_population,1993,5245930.0,historical,observed,,
West Midlands,E12000005,total_population,1994,5249295.0,historical,observed,,
West Midlands,E12000005,total_population,1995,5256911.0,historical,observed,,
West Midlands,E12000005,total_population,1996,5263046.0,historical,observed,,
West Midlands,E12000005,total_population,1997,5262278.0,historical,observed,,
West Midlands,E12000005,total_population,1998,5271352.0,historical,observed,,
West Midlands,E12000005,total_population,1999,5271959.0,historical,observed,,
West Midlands,E12000005,total_population,2000,5269626.0,historical,observed,,
West Midlands,E12000005,total_population,2001,5280727.0,historical,observed,,
West Midlands,E12000005,total_population,2002,5301243.0,historical,observed,,
West Midlands,E12000005,total_population,2003,5325475.0,historical,observed,,
West Midlands,E12000005,total_population,2004,5346376.0,historical,observed,,
West Midlands,E12000005,total_population,2005,5380687.0,historical,observed,,
West Midlands,E12000005,total_population,2006,5415521.0,historical,observed,,
West Midlands,E12000005,total_population,2007,5451924.0,historical,observed,,
West Midlands,E12000005,total_population,2008,5496240.0,historical,observed,,
West Midlands,E12000005,total_population,2009,5528007.0,historical,observed,,
West Midlands,E12000005,total_population,2010,5565866.0,historical,observed,,
West Midlands,E12000005,total_population,2011,5608667.0,historical,observed,,
West Midlands,E12000005,total_population,2012,5640325.0,historical,observed,,
West Midlands,E12000005,total_population,2013,5676945.0,historical,observed,,
West Midlands,E12000005,total_population,2014,5716882.0,historical,observed,,
West Midlands,E12000005,total_population,2015,5756287.0,historical,observed,,
West Midlands,E12000005,total_population,2016,5812248.0,historical,observed,,
West Midlands,E12000005,total_population,2017,5855052.0,historical,observed,,
West Midlands,E12000005,total_population,2018,5889328.0,historical,observed,,
West Midlands,E12000005,total_population,2019,5920977.0,historical,observed,,
West Midlands,E12000005,total_population,2020,5931924.0,historical,observed,,
West Midlands,E12000005,total_population,2021,5956226.0,historical,observed,,
West Midlands,E12000005,total_population,2022,6020253.0,historical,observed,,
West Midlands,E12000005,total_population,2023,6105956.0,historical,observed,,
West Midlands,E12000005,total_population,2024,6187204.0,historical,observed,,
West Midlands,E12000005,total_population,2025,6187198.879936262,forecast,"arima(1, 1, 1)",6165428.734727686,6208969.025144838
West Midlands,E12000005,total_population,2026,6187199.033858931,forecast,"arima(1, 1, 1)",6156412.400291139,6217985.667426722
West Midlands,E12000005,total_population,2027,6187199.029231608,forecast,"arima(1, 1, 1)",6149493.641772699,6224904.416690517
West Midlands,E12000005,total_population,2028,6187199.029370718,forecast,"arima(1, 1, 1)",6143660.820579925,6230737.238161511
West Midlands,E12000005,total_population,2029,6187199.029366536,forecast,"arima(1, 1, 1)",6138521.981308241,6235876.077424831
West Midlands,E12000005,total_population,2030,6187199.029366662,forecast,"arima(1, 1, 1)",6133876.103803841,6240521.954929482
West Midlands,E12000005,working_age_population,1992,3332299.0,historical,observed,,
West Midlands,E12000005,working_age_population,1993,3324769.0,historical,observed,,
West Midlands,E12000005,working_age_population,1994,3316601.0,historical,observed,,
West Midlands,E12000005,working_age_population,1995,3317522.0,historical,observed,,
West Midlands,E12000005,working_age_population,1996,3321515.0,historical,observed,,
West Midlands,E12000005,working_age_population,1997,3318890.0,historical,observed,,
West Midlands,E12000005,working_age_population,1998,3325186.0,historical,observed,,
West Midlands,E12000005,working_age_population,1999,3328633.0,historical,observed,,
West Midlands,E12000005,working_age_population,2000,3330402.0,historical,observed,,
West Midlands,E12000005,working_age_population,2001,3344420.0,historical,observed,,
West Midlands,E12000005,working_age_population,2002,3362972.0,historical,observed,,
West Midlands,E12000005,working_age_population,2003,3384666.0,historical,observed,,
West Midlands,E12000005,working_age_population,2004,3402891.0,historical,observed,,
West Midlands,E12000005,working_age_population,2005,3431491.0,historical,observed,,
West Midlands,E12000005,working_age_population,2006,3463300.0,historical,observed,,
West Midlands,E12000005,working_age_population,2007,3491341.0,historical,observed,,
West Midlands,E12000005,working_age_population,2008,3516742.0,historical,observed,,
West Midlands,E12000005,working_age_population,2009,3525232.0,historical,observed,,
West Midlands,E12000005,working_age_population,2010,3541207.0,historical,observed,,
West Midlands,E12000005,working_age_population,2011,3561093.0,historical,observed,,
West Midlands,E12000005,working_age_population,2012,3555590.0,historical,observed,,
West Midlands,E12000005,working_age_population,2013,3562521.0,historical,observed,,
West Midlands,E12000005,working_age_population,2014,3572235.0,historical,observed,,
West Midlands,E12000005,working_age_population,2015,3587281.0,historical,observed,,
West Midlands,E12000005,working_age_population,2016,3616049.0,historical,observed,,
West Midlands,E12000005,working_age_population,2017,3633918.0,historical,observed,,
West Midlands,E12000005,working_age_population,2018,3647134.0,historical,observed,,
West Midlands,E12000005,working_age_population,2019,3659367.0,historical,observed,,
West Midlands,E12000005,working_age_population,2020,3666148.0,historical,observed,,
West Midlands,E12000005,working_age_population,2021,3684959.0,historical,observed,,
West Midlands,E12000005,working_age_population,2022,3720625.0,historical,observed,,
West Midlands,E12000005,working_age_population,2023,3773066.0,historical,observed,,
West Midlands,E12000005,working_age_population,2024,3824226.0,historical,observed,,
West Midlands,E12000005,working_age_population,2025,3824162.025663677,forecast,"arima(1, 1, 1)",3804823.4172946215,3843500.634032733
West Midlands,E12000005,working_age_population,2026,3824161.101386136,forecast,"arima(1, 1, 1)",3796829.0002381615,3851493.2025341103
West Midlands,E12000005,working_age_population,2027,3824161.088032516,forecast,"arima(1, 1, 1)",3790693.305731799,3857628.8703332334
West Midlands,E12000005,working_age_population,2028,3824161.087839588,forecast,"arima(1, 1, 1)",3785519.905673114,3862802.270006062
West Midlands,E12000005,working_age_population,2029,3824161.0878368006,forecast,"arima(1, 1, 1)",3780961.6727534346,3867360.5029201666
West Midlands,E12000005,working_age_population,2030,3824161.0878367606,forecast,"arima(1, 1, 1)",3776840.5006909184,3871481.6749826027
East,E12000006,total_population,1981,4854992.0,historical,observed,,
East,E12000006,total_population,1982,4872720.0,historical,observed,,
East,E12000006,total_population,1983,4901572.0,historical,observed,,
East,E12000006,total_population,1984,4926795.0,historical,observed,,
East,E12000006,total_population,1985,4963772.0,historical,observed,,
East,E12000006,total_population,1986,4999268.0,historical,observed,,
East,E12000006,total_population,1987,5030759.0,historical,observed,,
East,E12000006,total_population,1988,5059695.0,historical,observed,,
East,E12000006,total_population,1989,5070133.0,historical,observed,,
East,E12000006,total_population,1990,5087962.0,historical,observed,,
East,E12000006,total_population,1991,5121052.0,historical,observed,,
East,E12000006,total_population,1992,5142589.0,historical,observed,,
East,E12000006,total_population,1993,5154369.0,historical,observed,,
East,E12000006,total_population,1994,5177915.0,historical,observed,,
East,E12000006,total_population,1995,5205700.0,historical,observed,,
East,E12000006,total_population,1996,5232760.0,historical,observed,,
East,E12000006,total_population,1997,5266915.0,historical,observed,,
East,E12000006,total_population,1998,5302028.0,historical,observed,,
East,E12000006,total_population,1999,5338722.0,historical,observed,,
East,E12000006,total_population,2000,5374972.0,historical,observed,,
East,E12000006,total_population,2001,5400463.0,historical,observed,,
East,E12000006,total_population,2002,5432688.0,historical,observed,,
East,E12000006,total_population,2003,5474133.0,historical,observed,,
East,E12000006,total_population,2004,5508564.0,historical,observed,,
East,E12000006,total_population,2005,5562653.0,historical,observed,,
East,E12000006,total_population,2006,5606294.0,historical,observed,,
East,E12000006,total_population,2007,5653534.0,historical,observed,,
East,E12000006,total_population,2008,5708350.0,historical,observed,,
East,E12000006,total_population,2009,5751443.0,historical,observed,,
East,E12000006,total_population,2010,5807402.0,historical,observed,,
East,E12000006,total_population,2011,5862418.0,historical,observed,,
East,E12000006,total_population,2012,5915033.0,historical,observed,,
East,E12000006,total_population,2013,5970484.0,historical,observed,,
East,E12000006,total_population,2014,6039521.0,historical,observed,,
East,E12000006,total_population,2015,6098262.0,historical,observed,,
East,E12000006,total_population,2016,6161075.0,historical,observed,,
East,E12000006,total_population,2017,6202843.0,historical,observed,,
East,E12000006,total_population,2018,6237376.0,historical,observed,,
East,E12000006,total_population,2019,6274179.0,historical,observed,,
East,E12000006,total_population,2020,6297779.0,historical,observed,,
East,E12000006,total_population,2021,6349646.0,historical,observed,,
East,E12000006,total_population,2022,6402514.0,historical,observed,,
East,E12000006,total_population,2023,6493348.0,historical,observed,,
East,E12000006,total_population,2024,6576306.0,historical,observed,,
East,E12000006,total_population,2025,6616385.843568834,forecast,"arima(1, 1, 1)",6593661.950914906,6639109.736222761
East,E12000006,total_population,2026,6656464.189554012,forecast,"arima(1, 1, 1)",6624229.845395022,6688698.533713003
East,E12000006,total_population,2027,6696541.038011493,forecast,"arima(1, 1, 1)",6656942.643140693,6736139.432882293
East,E12000006,total_population,2028,6736616.388997232,forecast,"arima(1, 1, 1)",6690754.476318061,6782478.301676402
East,E12000006,total_population,2029,6776690.24256718,forecast,"arima(1, 1, 1)",6725261.657554683,6828118.827579676
East,E12000006,total_population,2030,6816762.5987772895,forecast,"arima(1, 1, 1)",6760257.857560257,6873267.339994322
East,E12000006,working_age_population,1992,3284204.0,historical,observed,,
East,E12000006,working_age_population,1993,3281436.0,historical,observed,,
East,E12000006,working_age_population,1994,3286101.0,historical,observed,,
East,E12000006,working_age_population,1995,3299920.0,historical,observed,,
East,E12000006,working_age_population,1996,3318190.0,historical,observed,,
East,E12000006,working_age_population,1997,3341711.0,historical,observed,,
East,E12000006,working_age_population,1998,3364857.0,historical,observed,,
East,E12000006,working_age_population,1999,3384053.0,historical,observed,,
East,E12000006,working_age_population,2000,3409463.0,historical,observed,,
East,E12000006,working_age_population,2001,3428690.0,historical,observed,,
East,E12000006,working_age_population,2002,3450579.0,historical,observed,,
East,E12000006,working_age_population,2003,3479466.0,historical,observed,,
East,E12000006,working_age_population,2004,3504116.0,historical,observed,,
East,E12000006,working_age_population,2005,3548702.0,historical,observed,,
East,E12000006,working_age_population,2006,3586629.0,historical,observed,,
East,E12000006,working_age_population,2007,3620187.0,historical,observed,,
East,E12000006,working_age_population,2008,3649304.0,historical,observed,,
East,E12000006,working_age_population,2009,3665808.0,historical,observed,,
East,E12000006,working_age_population,2010,3694277.0,historical,observed,,
East,E12000006,working_age_population,2011,3719075.0,historical,observed,,
East,E12000006,working_age_population,2012,3719105.0,historical,observed,,
East,E12000006,working_age_population,2013,3734063.0,historical,observed,,
East,E12000006,working_age_population,2014,3761865.0,historical,observed,,
East,E12000006,working_age_population,2015,3787652.0,historical,observed,,
East,E12000006,working_age_population,2016,3818435.0,historical,observed,,
East,E12000006,working_age_population,2017,3834843.0,historical,observed,,
East,E12000006,working_age_population,2018,3848116.0,historical,observed,,
East,E12000006,working_age_population,2019,3861902.0,historical,observed,,
East,E12000006,working_age_population,2020,3876488.0,historical,observed,,
East,E12000006,working_age_population,2021,3912332.0,historical,observed,,
East,E12000006,working_age_population,2022,3929454.0,historical,observed,,
East,E12000006,working_age_population,2023,3981458.0,historical,observed,,
East,E12000006,working_age_population,2024,4028657.0,historical,observed,,
East,E12000006,working_age_population,2025,4051670.3491051,forecast,"arima(1, 1, 1)",4029492.166947309,4073848.5312628914
East,E12000006,working_age_population,2026,4074680.412906447,forecast,"arima(1, 1, 1)",4043225.7520643882,4106135.0737485057
East,E12000006,working_age_population,2027,4097687.191873039,forecast,"arima(1, 1, 1)",4059053.380965795,4136321.0027802833
East,E12000006,working_age_population,2028,4120690.686473808,forecast,"arima(1, 1, 1)",4075953.6961416085,4165427.676806007
East,E12000006,working_age_population,2029,4143690.8971776175,forecast,"arima(1, 1, 1)",4093532.3870769558,4193849.4072782793
East,E12000006,working_age_population,2030,4166687.8244532654,forecast,"arima(1, 1, 1)",4111587.87517648,4221787.773730051
London,E12000007,total_population,1981,6805000.0,historical,observed,,
London,E12000007,total_population,1982,6765084.0,historical,observed,,
London,E12000007,total_population,1983,6752989.0,historical,observed,,
London,E12000007,total_population,1984,6754717.0,historical,observed,,
London,E12000007,total_population,1985,6766997.0,historical,observed,,
London,E12000007,total_population,1986,6774202.0,historical,observed,,
London,E12000007,total_population,1987,6765557.0,historical,observed,,
London,E12000007,total_population,1988,6729336.0,historical,observed,,
London,E12000007,total_population,1989,6751562.0,historical,observed,,
London,E12000007,total_population,1990,6798786.0,historical,observed,,
London,E12000007,total_population,1991,6829314.0,historical,observed,,
London,E12000007,total_population,1992,6829408.0,historical,observed,,
London,E12000007,total_population,1993,6844491.0,historical,observed,,
London,E12000007,total_population,1994,6873527.0,historical,observed,,
London,E12000007,total_population,1995,6913123.0,historical,observed,,
London,E12000007,total_population,1996,6974407.0,historical,observed,,
London,E12000007,total_population,1997,7014838.0,historical,observed,,
London,E12000007,total_population,1998,7065497.0,historical,observed,,
London,E12000007,total_population,1999,7153912.0,historical,observed,,
London,E12000007,total_population,2000,7236712.0,historical,observed,,
London,E12000007,total_population,2001,7322403.0,historical,observed,,
London,E12000007,total_population,2002,7376671.0,historical,observed,,
London,E12000007,total_population,2003,7394817.0,historical,observed,,
London,E12000007,total_population,2004,7432730.0,historical,observed,,
London,E12000007,total_population,2005,7519009.0,historical,observed,,
London,E12000007,total_population,2006,7597825.0,historical,observed,,
London,E12000007,total_population,2007,7693473.0,historical,observed,,
London,E12000007,total_population,2008,7812161.0,historical,observed,,
London,E12000007,total_population,2009,7942594.0,historical,observed,,
London,E12000007,total_population,2010,8061495.0,historical,observed,,
London,E12000007,total_population,2011,8204407.0,historical,observed,,
London,E12000007,total_population,2012,8320767.0,historical,observed,,
London,E12000007,total_population,2013,8438987.0,historical,observed,,
London,E12000007,total_population,2014,8547192.0,historical,observed,,
London,E12000007,total_population,2015,8659545.0,historical,observed,,
London,E12000007,total_population,2016,8743651.0,historical,observed,,
London,E12000007,total_population,2017,8776229.0,historical,observed,,
London,E12000007,total_population,2018,8833335.0,historical,observed,,
London,E12000007,total_population,2019,8889743.0,historical,observed,,
London,E12000007,total_population,2020,8867008.0,historical,observed,,
London,E12000007,total_population,2021,8804769.0,historical,observed,,
London,E12000007,total_population,2022,8871368.0,historical,observed,,
London,E12000007,total_population,2023,8999705.0,historical,observed,,
London,E12000007,total_population,2024,9089736.0,historical,observed,,
London,E12000007,total_population,2025,9142687.618971733,forecast,"arima(1, 1, 1)",9075458.109153247,9209917.12879022
London,E12000007,total_population,2026,9195637.82843696,forecast,"arima(1, 1, 1)",9100285.474663941,9290990.182209978
London,E12000007,total_population,2027,9248586.628433198,forecast,"arima(1, 1, 1)",9131467.916411353,9365705.340455042
London,E12000007,total_population,2028,9301534.018997967,forecast,"arima(1, 1, 1)",9165909.645952446,9437158.392043488
London,E12000007,total_population,2029,9354480.000168785,forecast,"arima(1, 1, 1)",9202415.52531758,9506544.475019991
London,E12000007,total_population,2030,9407424.571983168,forecast,"arima(1, 1, 1)",9240374.597078416,9574474.54688792
London,E12000007,working_age_population,1992,4514598.0,historical,observed,,
London,E12000007,working_age_population,1993,4513090.0,historical,observed,,
London,E12000007,working_age_population,1994,4527439.0,historical,observed,,
London,E12000007,working_age_population,1995,4556914.0,historical,observed,,
London,E12000007,working_age_population,1996,4606533.0,historical,observed,,
London,E12000007,working_age_population,1997,4642411.0,historical,observed,,
London,E12000007,working_age_population,1998,4685777.0,historical,observed,,
London,E12000007,working_age_population,1999,4780580.0,historical,observed,,
London,E12000007,working_age_population,2000,4874543.0,historical,observed,,
London,E12000007,working_age_population,2001,4974573.0,historical,observed,,
London,E12000007,working_age_population,2002,5025296.0,historical,observed,,
London,E12000007,working_age_population,2003,5038546.0,historical,observed,,
London,E12000007,working_age_population,2004,5076217.0,historical,observed,,
London,E12000007,working_age_population,2005,5150699.0,historical,observed,,
London,E12000007,working_age_population,2006,5221068.0,historical,observed,,
London,E12000007,working_age_population,2007,5298039.0,historical,observed,,
London,E12000007,working_age_population,2008,5387169.0,historical,observed,,
London,E12000007,working_age_population,2009,5478584.0,historical,observed,,
London,E12000007,working_age_population,2010,5558486.0,historical,observed,,
London,E12000007,working_age_population,2011,5664416.0,historical,observed,,
London,E12000007,working_age_population,2012,5726145.0,historical,observed,,
London,E12000007,working_age_population,2013,5800997.0,historical,observed,,
London,E12000007,working_age_population,2014,5873113.0,historical,observed,,
London,E12000007,working_age_population,2015,5955594.0,historical,observed,,
London,E12000007,working_age_population,2016,6010793.0,historical,observed,,
London,E12000007,working_age_population,2017,6024971.0,historical,observed,,
London,E12000007,working_age_population,2018,6066064.0,historical,observed,,
London,E12000007,working_age_population,2019,6113644.0,historical,observed,,
London,E12000007,working_age_population,2020,6099549.0,historical,observed,,
London,E12000007,working_age_population,2021,6062210.0,historical,observed,,
London,E12000007,working_age_population,2022,6104266.0,historical,observed,,
London,E12000007,working_age_population,2023,6208153.0,historical,observed,,
London,E12000007,working_age_population,2024,6275855.0,historical,observed,,
London,E12000007,working_age_population,2025,6330484.100348691,forecast,"arima(1, 1, 1)",6267902.722168558,6393065.478528825
London,E12000007,working_age_population,2026,6385096.41229485,forecast,"arima(1, 1, 1)",6296206.962155319,6473985.862434381
London,E12000007,working_age_population,2027,6439691.94099782,forecast,"arima(1, 1, 1)",6330354.334184587,6549029.547811054
London,E12000007,working_age_population,2028,6494270.6916153645,forecast,"arima(1, 1, 1)",6367477.3221181035,6621064.0611126255
London,E12000007,working_age_population,2029,6548832.669303658,forecast,"arima(1, 1, 1)",6406470.914986146,6691194.423621171
London,E12000007,working_age_population,2030,6603377.879217293,forecast,"arima(1, 1, 1)",6446771.238943151,6759984.519491435
South East,E12000008,total_population,1981,7243055.0,historical,observed,,
South East,E12000008,total_population,1982,7273234.0,historical,observed,,
South East,E12000008,total_population,1983,7302985.0,historical,observed,,
South East,E12000008,total_population,1984,7360814.0,historical,observed,,
South East,E12000008,total_population,1985,7413733.0,historical,observed,,
South East,E12000008,total_population,1986,7468272.0,historical,observed,,
South East,E12000008,total_population,1987,7505040.0,historical,observed,,
South East,E12000008,total_population,1988,7550554.0,historical,observed,,
South East,E12000008,total_population,1989,7568528.0,historical,observed,,
South East,E12000008,total_population,1990,7598057.0,historical,observed,,
South East,E12000008,total_population,1991,7629186.0,historical,observed,,
South East,E12000008,total_population,1992,7656594.0,historical,observed,,
South East,E12000008,total_population,1993,7673172.0,historical,observed,,
South East,E12000008,total_population,1994,7711594.0,historical,observed,,
South East,E12000008,total_population,1995,7762978.0,historical,observed,,
South East,E12000008,total_population,1996,7800406.0,historical,observed,,
South East,E12000008,total_population,1997,7853102.0,historical,observed,,
South East,E12000008,total_population,1998,7888838.0,historical,observed,,
South East,E12000008,total_population,1999,7955124.0,historical,observed,,
South East,E12000008,total_population,2000,7990598.0,historical,observed,,
South East,E12000008,total_population,2001,8023449.0,historical,observed,,
South East,E12000008,total_population,2002,8045192.0,historical,observed,,
South East,E12000008,total_population,2003,8087924.0,historical,observed,,
South East,E12000008,total_population,2004,8133100.0,historical,observed,,
South East,E12000008,total_population,2005,8202896.0,historical,observed,,
South East,E12000008,total_population,2006,8270861.0,historical,observed,,
South East,E12000008,total_population,2007,8351391.0,historical,observed,,
South East,E12000008,total_population,2008,8426399.0,historical,observed,,
South East,E12000008,total_population,2009,8490922.0,historical,observed,,
South East,E12000008,total_population,2010,8577771.0,historical,observed,,
South East,E12000008,total_population,2011,8652784.0,historical,observed,,
South East,E12000008,total_population,2012,8731840.0,historical,observed,,
South East,E12000008,total_population,2013,8809382.0,historical,observed,,
South East,E12000008,total_population,2014,8893930.0,historical,observed,,
South East,E12000008,total_population,2015,8969638.0,historical,observed,,
South East,E12000008,total_population,2016,9053011.0,historical,observed,,
South East,E12000008,total_population,2017,9105076.0,historical,observed,,
South East,E12000008,total_population,2018,9150245.0,historical,observed,,
South East,E12000008,total_population,2019,9193770.0,historical,observed,,
South East,E12000008,total_population,2020,9225273.0,historical,observed,,
South East,E12000008,total_population,2021,9295829.0,historical,observed,,
South East,E12000008,total_population,2022,9392970.0,historical,observed,,
South East,E12000008,total_population,2023,9529446.0,historical,observed,,
South East,E12000008,total_population,2024,9642942.0,historical,observed,,
South East,E12000008,total_population,2025,9698287.883951256,forecast,"arima(1, 1, 1)",9663527.789409159,9733047.978493353
South East,E12000008,total_population,2026,9753632.62459552,forecast,"arima(1, 1, 1)",9704333.880412355,9802931.368778683
South East,E12000008,total_population,2027,9808976.22195641,forecast,"arima(1, 1, 1)",9748426.193680087,9869526.250232732
South East,E12000008,total_population,2028,9864318.676057544,forecast,"arima(1, 1, 1)",9794203.889320878,9934433.462794209
South East,E12000008,total_population,2029,9919659.986922538,forecast,"arima(1, 1, 1)",9841048.929999879,9998271.043845197
South East,E12000008,total_population,2030,9975000.154575009,forecast,"arima(1, 1, 1)",9888645.359188575,10061354.949961443
South East,E12000008,working_age_population,1992,4873486.0,historical,observed,,
South East,E12000008,working_age_population,1993,4870745.0,historical,observed,,
South East,E12000008,working_age_population,1994,4888551.0,historical,observed,,
South East,E12000008,working_age_population,1995,4919839.0,historical,observed,,
South East,E12000008,working_age_population,1996,4947839.0,historical,observed,,
South East,E12000008,working_age_population,1997,4987679.0,historical,observed,,
South East,E12000008,working_age_population,1998,5012979.0,historical,observed,,
South East,E12000008,working_age_population,1999,5060196.0,historical,observed,,
South East,E12000008,working_age_population,2000,5089296.0,historical,observed,,
South East,E12000008,working_age_population,2001,5118517.0,historical,observed,,
South East,E12000008,working_age_population,2002,5138049.0,historical,observed,,
South East,E12000008,working_age_population,2003,5171546.0,historical,observed,,
South East,E12000008,working_age_population,2004,5207503.0,historical,observed,,
South East,E12000008,working_age_population,2005,5266296.0,historical,observed,,
South East,E12000008,working_age_population,2006,5325115.0,historical,observed,,
South East,E12000008,working_age_population,2007,5381984.0,historical,observed,,
South East,E12000008,working_age_population,2008,5423395.0,historical,observed,,
South East,E12000008,working_age_population,2009,5447741.0,historical,observed,,
South East,E12000008,working_age_population,2010,5487698.0,historical,observed,,
South East,E12000008,working_age_population,2011,5513564.0,historical,observed,,
South East,E12000008,working_age_population,2012,5517414.0,historical,observed,,
South East,E12000008,working_age_population,2013,5537561.0,historical,observed,,
South East,E12000008,working_age_population,2014,5569698.0,historical,observed,,
South East,E12000008,working_age_population,2015,5605826.0,historical,observed,,
South East,E12000008,working_age_population,2016,5647544.0,historical,observed,,
South East,E12000008,working_age_population,2017,5668630.0,historical,observed,,
South East,E12000008,working_age_population,2018,5684385.0,historical,observed,,
South East,E12000008,working_age_population,2019,5698794.0,historical,observed,,
South East,E12000008,working_age_population,2020,5714263.0,historical,observed,,
South East,E12000008,working_age_population,2021,5758118.0,historical,observed,,
South East,E12000008,working_age_population,2022,5797558.0,historical,observed,,
South East,E12000008,working_age_population,2023,5880425.0,historical,observed,,
South East,E12000008,working_age_population,2024,5947376.0,historical,observed,,
South East,E12000008,working_age_population,2025,5980813.133336611,forecast,"arima(1, 1, 1)",5949848.545363698,6011777.721309524
South East,E12000008,working_age_population,2026,6014248.814019083,forecast,"arima(1, 1, 1)",5970335.441319153,6058162.186719013
South East,E12000008,working_age_population,2027,6047683.042110525,forecast,"arima(1, 1, 1)",5993750.347697469,6101615.736523581
South East,E12000008,working_age_population,2028,6081115.8176740445,forecast,"arima(1, 1, 1)",6018666.965573852,6143564.669774237
South East,E12000008,working_age_population,2029,6114547.140772746,forecast,"arima(1, 1, 1)",6044534.607224766,6184559.674320726
South East,E12000008,working_age_population,2030,6147977.01146973,forecast,"arima(1, 1, 1)",6071071.729153398,6224882.293786062
South West,E12000009,total_population,1981,4383384.0,historical,observed,,
South West,E12000009,total_population,1982,4399414.0,historical,observed,,
South West,E12000009,total_population,1983,4426499.0,historical,observed,,
South West,E12000009,total_population,1984,4464116.0,historical,observed,,
South West,E12000009,total_population,1985,4504547.0,historical,observed,,
South West,E12000009,total_population,1986,4547613.0,historical,observed,,
South West,E12000009,total_population,1987,4589604.0,historical,observed,,
South West,E12000009,total_population,1988,4635406.0,historical,observed,,
South West,E12000009,total_population,1989,4653538.0,historical,observed,,
South West,E12000009,total_population,1990,4668189.0,historical,observed,,
South West,E12000009,total_population,1991,4688248.0,historical,observed,,
South West,E12000009,total_population,1992,4713921.0,historical,observed,,
South West,E12000009,total_population,1993,4733634.0,historical,observed,,
South West,E12000009,total_population,1994,4757078.0,historical,observed,,
South West,E12000009,total_population,1995,4781856.0,historical,observed,,
South West,E12000009,total_population,1996,4793090.0,historical,observed,,
South West,E12000009,total_population,1997,4827319.0,historical,observed,,
South West,E12000009,total_population,1998,4849464.0,historical,observed,,
South West,E12000009,total_population,1999,4880958.0,historical,observed,,
South West,E12000009,total_population,2000,4917074.0,historical,observed,,
South West,E12000009,total_population,2001,4943364.0,historical,observed,,
South West,E12000009,total_population,2002,4976129.0,historical,observed,,
South West,E12000009,total_population,2003,5006653.0,historical,observed,,
South West,E12000009,total_population,2004,5038284.0,historical,observed,,
South West,E12000009,total_population,2005,5086121.0,historical,observed,,
South West,E12000009,total_population,2006,5119840.0,historical,observed,,
South West,E12000009,total_population,2007,5170537.0,historical,observed,,
South West,E12000009,total_population,2008,5205044.0,historical,observed,,
South West,E12000009,total_population,2009,5226821.0,historical,observed,,
South West,E12000009,total_population,2010,5261270.0,historical,observed,,
South West,E12000009,total_population,2011,5300831.0,historical,observed,,
South West,E12000009,total_population,2012,5336343.0,historical,observed,,
South West,E12000009,total_population,2013,5374783.0,historical,observed,,
South West,E12000009,total_population,2014,5422159.0,historical,observed,,
South West,E12000009,total_population,2015,5471487.0,historical,observed,,
South West,E12000009,total_population,2016,5526982.0,historical,observed,,
South West,E12000009,total_population,2017,5574666.0,historical,observed,,
South West,E12000009,total_population,2018,5609701.0,historical,observed,,
South West,E12000009,total_population,2019,5642792.0,historical,observed,,
South West,E12000009,total_population,2020,5661990.0,historical,observed,,
South West,E12000009,total_population,2021,5712822.0,historical,observed,,
South West,E12000009,total_population,2022,5769054.0,historical,observed,,
South West,E12000009,total_population,2023,5830152.0,historical,observed,,
South West,E12000009,total_population,2024,5889695.0,historical,observed,,
South West,E12000009,total_population,2025,5924524.441337388,forecast,"arima(1, 1, 1)",5903435.343775195,5945613.538899581
South West,E12000009,total_population,2026,5959350.761994135,forecast,"arima(1, 1, 1)",5929437.771300244,5989263.752688025
South West,E12000009,total_population,2027,5994173.962249849,forecast,"arima(1, 1, 1)",5957430.108465263,6030917.816034435
South West,E12000009,total_population,2028,6028994.042384115,forecast,"arima(1, 1, 1)",5986441.472142609,6071546.612625621
South West,E12000009,total_population,2029,6063811.0026764935,forecast,"arima(1, 1, 1)",6016097.082234439,6111524.923118548
South West,E12000009,total_population,2030,6098624.843406518,forecast,"arima(1, 1, 1)",6046205.366469748,6151044.320343288
South West,E12000009,working_age_population,1992,2931901.0,historical,observed,,
South West,E12000009,working_age_population,1993,2937035.0,historical,observed,,
South West,E12000009,working_age_population,1994,2945669.0,historical,observed,,
South West,E12000009,working_age_population,1995,2960057.0,historical,observed,,
South West,E12000009,working_age_population,1996,2967929.0,historical,observed,,
South West,E12000009,working_age_population,1997,2993642.0,historical,observed,,
South West,E12000009,working_age_population,1998,3008114.0,historical,observed,,
South West,E12000009,working_age_population,1999,3030380.0,historical,observed,,
South West,E12000009,working_age_population,2000,3061188.0,historical,observed,,
South West,E12000009,working_age_population,2001,3082509.0,historical,observed,,
South West,E12000009,working_age_population,2002,3111772.0,historical,observed,,
South West,E12000009,working_age_population,2003,3137918.0,historical,observed,,
South West,E12000009,working_age_population,2004,3166948.0,historical,observed,,
South West,E12000009,working_age_population,2005,3211605.0,historical,observed,,
South West,E12000009,working_age_population,2006,3244627.0,historical,observed,,
South West,E12000009,working_age_population,2007,3283868.0,historical,observed,,
South West,E12000009,working_age_population,2008,3299149.0,historical,observed,,
South West,E12000009,working_age_population,2009,3301189.0,historical,observed,,
South West,E12000009,working_age_population,2010,3313080.0,historical,observed,,
South West,E12000009,working_age_population,2011,3326352.0,historical,observed,,
South West,E12000009,working_age_population,2012,3316083.0,historical,observed,,
South West,E12000009,working_age_population,2013,3321006.0,historical,observed,,
South West,E12000009,working_age_population,2014,3333261.0,historical,observed,,
South West,E12000009,working_age_population,2015,3354821.0,historical,observed,,
South West,E12000009,working_age_population,2016,3380755.0,historical,observed,,
South West,E12000009,working_age_population,2017,3401921.0,historical,observed,,
South West,E12000009,working_age_population,2018,3415372.0,historical,observed,,
South West,E12000009,working_age_population,2019,3425271.0,historical,observed,,
South West,E12000009,working_age_population,2020,3435601.0,historical,observed,,
South West,E12000009,working_age_population,2021,3466380.0,historical,observed,,
South West,E12000009,working_age_population,2022,3495012.0,historical,observed,,
South West,E12000009,working_age_population,2023,3532288.0,historical,observed,,
South West,E12000009,working_age_population,2024,3568027.0,historical,observed,,
South West,E12000009,working_age_population,2025,3587818.307075466,forecast,"arima(1, 1, 1)",3566430.416775413,3609206.197375519
South West,E12000009,working_age_population,2026,3607608.200724431,forecast,"arima(1, 1, 1)",3577277.056244731,3637939.3452041307
South West,E12000009,working_age_population,2027,3627396.681047836,forecast,"arima(1, 1, 1)",3590146.053907121,3664647.3081885506
South West,E12000009,working_age_population,2028,3647183.7481466164,forecast,"arima(1, 1, 1)",3604052.154821597,3690315.3414716357
South West,E12000009,working_age_population,2029,3666969.4021217,forecast,"arima(1, 1, 1)",3618614.9453771817,3715323.858866218
South West,E12000009,working_age_population,2030,3686753.643074007,forecast,"arima(1, 1, 1)",3633639.930571967,3739867.3555760467
Northern Ireland,N92000002,total_population,1992,1623263.0,historical,observed,,
Northern Ireland,N92000002,total_population,1993,1635552.0,historical,observed,,
Northern Ireland,N92000002,total_population,1994,1643707.0,historical,observed,,
Northern Ireland,N92000002,total_population,1995,1649131.0,historical,observed,,
Northern Ireland,N92000002,total_population,1996,1661751.0,historical,observed,,
Northern Ireland,N92000002,total_population,1997,1671261.0,historical,observed,,
Northern Ireland,N92000002,total_population,1998,1677769.0,historical,observed,,
Northern Ireland,N92000002,total_population,1999,1679006.0,historical,observed,,
Northern Ireland,N92000002,total_population,2000,1682944.0,historical,observed,,
Northern Ireland,N92000002,total_population,2001,1688838.0,historical,observed,,
Northern Ireland,N92000002,total_population,2002,1697534.0,historical,observed,,
Northern Ireland,N92000002,total_population,2003,1704924.0,historical,observed,,
Northern Ireland,N92000002,total_population,2004,1714042.0,historical,observed,,
Northern Ireland,N92000002,total_population,2005,1727733.0,historical,observed,,
Northern Ireland,N92000002,total_population,2006,1743113.0,historical,observed,,
Northern Ireland,N92000002,total_population,2007,1761683.0,historical,observed,,
Northern Ireland,N92000002,total_population,2008,1779152.0,historical,observed,,
Northern Ireland,N92000002,total_population,2009,1793333.0,historical,observed,,
Northern Ireland,N92000002,total_population,2010,1804833.0,historical,observed,,
Northern Ireland,N92000002,total_population,2011,1814318.0,historical,observed,,
Northern Ireland,N92000002,total_population,2012,1824603.0,historical,observed,,
Northern Ireland,N92000002,total_population,2013,1831677.0,historical,observed,,
Northern Ireland,N92000002,total_population,2014,1843186.0,historical,observed,,
Northern Ireland,N92000002,total_population,2015,1854943.0,historical,observed,,
Northern Ireland,N92000002,total_population,2016,1866042.0,historical,observed,,
Northern Ireland,N92000002,total_population,2017,1875178.0,historical,observed,,
Northern Ireland,N92000002,total_population,2018,1886259.0,historical,observed,,
Northern Ireland,N92000002,total_population,2019,1898519.0,historical,observed,,
Northern Ireland,N92000002,total_population,2020,1900523.0,historical,observed,,
Northern Ireland,N92000002,total_population,2021,1904564.0,historical,observed,,
Northern Ireland,N92000002,total_population,2022,1910543.0,historical,observed,,
Northern Ireland,N92000002,total_population,2023,1920382.0,historical,observed,,
Northern Ireland,N92000002,total_population,2024,1929882.6816333586,forecast,"arima(1, 1, 1)",1923468.491090588,1936296.8721761291
Northern Ireland,N92000002,total_population,2025,1939380.8785088384,forecast,"arima(1, 1, 1)",1930285.5909311026,1948476.166086574
Northern Ireland,N92000002,total_population,2026,1948876.5912762897,forecast,"arima(1, 1, 1)",1937707.563591561,1960045.6189610183
Northern Ireland,N92000002,total_population,2027,1958369.8205853929,forecast,"arima(1, 1, 1)",1945438.8290446177,1971300.812126168
Northern Ireland,N92000002,total_population,2028,1967860.5670856587,forecast,"arima(1, 1, 1)",1953365.247960577,1982355.8862107403
Northern Ireland,N92000002,total_population,2029,1977348.8314264275,forecast,"arima(1, 1, 1)",1961428.4572365228,1993269.2056163321
Northern Ireland,N92000002,total_population,2030,1986834.6142568705,forecast,"arima(1, 1, 1)",1969593.8895725699,2004075.338941171
Northern Ireland,N92000002,working_age_population,1992,994580.0,historical,observed,,
Northern Ireland,N92000002,working_age_population,1993,1004884.0,historical,observed,,
Northern Ireland,N92000002,working_age_population,1994,1012502.0,historical,observed,,
Northern Ireland,N92000002,working_age_population,1995,1017697.0,historical,observed,,
Northern Ireland,N92000002,working_age_population,1996,1029817.0,historical,observed,,
Northern Ireland,N92000002,working_age_population,1997,1039864.0,historical,observed,,
Northern Ireland,N92000002,working_age_population,1998,1047109.0,historical,observed,,
Northern Ireland,N92000002,working_age_population,1999,1051358.0,historical,observed,,
Northern Ireland,N92000002,working_age_population,2000,1058507.0,historical,observed,,
Northern Ireland,N92000002,working_age_population,2001,1067215.0,historical,observed,,
Northern Ireland,N92000002,working_age_population,2002,1079049.0,historical,observed,,
Northern Ireland,N92000002,working_age_population,2003,1089658.0,historical,observed,,
Northern Ireland,N92000002,working_age_population,2004,1100625.0,historical,observed,,
Northern Ireland,N92000002,working_age_population,2005,1114058.0,historical,observed,,
Northern Ireland,N92000002,working_age_population,2006,1127914.0,historical,observed,,
Northern Ireland,N92000002,working_age_population,2007,1142682.0,historical,observed,,
Northern Ireland,N92000002,working_age_population,2008,1153167.0,historical,observed,,
Northern Ireland,N92000002,working_age_population,2009,1160446.0,historical,observed,,
Northern Ireland,N92000002,working_age_population,2010,1165239.0,historical,observed,,
Northern Ireland,N92000002,working_age_population,2011,1167750.0,historical,observed,,
Northern Ireland,N92000002,working_age_population,2012,1169668.0,historical,observed,,
Northern Ireland,N92000002,working_age_population,2013,1170280.0,historical,observed,,
Northern Ireland,N92000002,working_age_population,2014,1174132.0,historical,observed,,
Northern Ireland,N92000002,working_age_population,2015,1178676.0,historical,observed,,
Northern Ireland,N92000002,working_age_population,2016,1181010.0,historical,observed,,
Northern Ireland,N92000002,working_age_population,2017,1182744.0,historical,observed,,
Northern Ireland,N92000002,working_age_population,2018,1185959.0,historical,observed,,
Northern Ireland,N92000002,working_age_population,2019,1189917.0,historical,observed,,
Northern Ireland,N92000002,working_age_population,2020,1187727.0,historical,observed,,
Northern Ireland,N92000002,working_age_population,2021,1187162.0,historical,observed,,
Northern Ireland,N92000002,working_age_population,2022,1185659.0,historical,observed,,
Northern Ireland,N92000002,working_age_population,2023,1189681.0,historical,observed,,
Northern Ireland,N92000002,working_age_population,2024,1192560.9565042944,forecast,"arima(1, 1, 1)",1187627.3993502161,1197494.5136583727
Northern Ireland,N92000002,working_age_population,2025,1195319.4470269296,forecast,"arima(1, 1, 1)",1188301.3473731347,1202337.5466807245
Northern Ireland,N92000002,working_age_population,2026,1197961.5945566308,forecast,"arima(1, 1, 1)",1189317.344917841,1206605.8441954206
Northern Ireland,N92000002,working_age_population,2027,1200492.3060132856,forecast,"arima(1, 1, 1)",1190455.8682709788,1210528.7437555925
Northern Ireland,N92000002,working_age_population,2028,1202916.2813609333,forecast,"arima(1, 1, 1)",1191635.4471245315,1214197.1155973352
Northern Ireland,N92000002,working_age_population,2029,1205238.022336402,forecast,"arima(1, 1, 1)",1192816.7826368236,1217659.2620359804
Northern Ireland,N92000002,working_age_population,2030,1207461.840809804,forecast,"arima(1, 1, 1)",1193978.40363777,1220945.2779818377
Scotland,S92000003,total_population,1981,5180200.0,historical,observed,,
Scotland,S92000003,total_population,1982,5164540.0,historical,observed,,
Scotland,S92000003,total_population,1983,5148120.0,historical,observed,,
Scotland,S92000003,total_population,1984,5138880.0,historical,observed,,
Scotland,S92000003,total_population,1985,5127890.0,historical,observed,,
Scotland,S92000003,total_population,1986,5111760.0,historical,observed,,
Scotland,S92000003,total_population,1987,5099020.0,historical,observed,,
Scotland,S92000003,total_population,1988,5077440.0,historical,observed,,
Scotland,S92000003,total_population,1989,5078190.0,historical,observed,,
Scotland,S92000003,total_population,1990,5081270.0,historical,observed,,
Scotland,S92000003,total_population,1991,5083330.0,historical,observed,,
Scotland,S92000003,total_population,1992,5085620.0,historical,observed,,
Scotland,S92000003,total_population,1993,5092460.0,historical,observed,,
Scotland,S92000003,total_population,1994,5102210.0,historical,observed,,
Scotland,S92000003,total_population,1995,5103690.0,historical,observed,,
Scotland,S92000003,total_population,1996,5092190.0,historical,observed,,
Scotland,S92000003,total_population,1997,5083340.0,historical,observed,,
Scotland,S92000003,total_population,1998,5077070.0,historical,observed,,
Scotland,S92000003,total_population,1999,5071950.0,historical,observed,,
Scotland,S92000003,total_population,2000,5062940.0,historical,observed,,
Scotland,S92000003,total_population,2001,5064200.0,historical,observed,,
Scotland,S92000003,total_population,2002,5066000.0,historical,observed,,
Scotland,S92000003,total_population,2003,5068500.0,historical,observed,,
Scotland,S92000003,total_population,2004,5084300.0,historical,observed,,
Scotland,S92000003,total_population,2005,5110200.0,historical,observed,,
Scotland,S92000003,total_population,2006,5133000.0,historical,observed,,
Scotland,S92000003,total_population,2007,5170000.0,historical,observed,,
Scotland,S92000003,total_population,2008,5202900.0,historical,observed,,
Scotland,S92000003,total_population,2009,5231900.0,historical,observed,,
Scotland,S92000003,total_population,2010,5262200.0,historical,observed,,
Scotland,S92000003,total_population,2011,5299900.0,historical,observed,,
Scotland,S92000003,total_population,2012,5308500.0,historical,observed,,
Scotland,S92000003,total_population,2013,5317300.0,historical,observed,,
Scotland,S92000003,total_population,2014,5332200.0,historical,observed,,
Scotland,S92000003,total_population,2015,5351700.0,historical,observed,,
Scotland,S92000003,total_population,2016,5374900.0,historical,observed,,
Scotland,S92000003,total_population,2017,5389900.0,historical,observed,,
Scotland,S92000003,total_population,2018,5394300.0,historical,observed,,
Scotland,S92000003,total_population,2019,5414400.0,historical,observed,,
Scotland,S92000003,total_population,2020,5413100.0,historical,observed,,
Scotland,S92000003,total_population,2021,5418400.0,historical,observed,,
Scotland,S92000003,total_population,2022,5447000.0,historical,observed,,
Scotland,S92000003,total_population,2023,5490100.0,historical,observed,,
Scotland,S92000003,total_population,2024,5492623.619797896,forecast,"arima(1, 1, 1)",5468593.930357966,5516653.309237826
Scotland,S92000003,total_population,2025,5495147.239218699,forecast,"arima(1, 1, 1)",5461156.271511081,5529138.206926317
Scotland,S92000003,total_population,2026,5497670.85826241,forecast,"arima(1, 1, 1)",5456030.976738971,5539310.73978585
Scotland,S92000003,total_population,2027,5500194.476929029,forecast,"arima(1, 1, 1)",5452101.779798798,5548287.174059261
Scotland,S92000003,total_population,2028,5502718.095218557,forecast,"arima(1, 1, 1)",5448936.41397349,5556499.776463624
Scotland,S92000003,total_population,2029,5505241.713130992,forecast,"arima(1, 1, 1)",5446313.240436826,5564170.185825158
Scotland,S92000003,total_population,2030,5507765.330666335,forecast,"arima(1, 1, 1)",5444100.627048501,5571430.03428417
Scotland,S92000003,working_age_population,1992,3289639.0,historical,observed,,
Scotland,S92000003,working_age_population,1993,3295334.0,historical,observed,,
Scotland,S92000003,working_age_population,1994,3294930.0,historical,observed,,
Scotland,S92000003,working_age_population,1995,3293104.0,historical,observed,,
Scotland,S92000003,working_age_population,1996,3311527.0,historical,observed,,
Scotland,S92000003,working_age_population,1997,3307538.0,historical,observed,,
Scotland,S92000003,working_age_population,1998,3304983.0,historical,observed,,
Scotland,S92000003,working_age_population,1999,3304363.0,historical,observed,,
Scotland,S92000003,working_age_population,2000,3302015.0,historical,observed,,
Scotland,S92000003,working_age_population,2001,3286645.0,historical,observed,,
Scotland,S92000003,working_age_population,2002,3295351.0,historical,observed,,
Scotland,S92000003,working_age_population,2003,3303864.0,historical,observed,,
Scotland,S92000003,working_age_population,2004,3321295.0,historical,observed,,
Scotland,S92000003,working_age_population,2005,3345841.0,historical,observed,,
Scotland,S92000003,working_age_population,2006,3368993.0,historical,observed,,
Scotland,S92000003,working_age_population,2007,3400324.0,historical,observed,,
Scotland,S92000003,working_age_population,2008,3423498.0,historical,observed,,
Scotland,S92000003,working_age_population,2009,3441098.0,historical,observed,,
Scotland,S92000003,working_age_population,2010,3462158.0,historical,observed,,
Scotland,S92000003,working_age_population,2011,3487433.0,historical,observed,,
Scotland,S92000003,working_age_population,2012,3468526.0,historical,observed,,
Scotland,S92000003,working_age_population,2013,3458380.0,historical,observed,,
Scotland,S92000003,working_age_population,2014,3450749.0,historical,observed,,
Scotland,S92000003,working_age_population,2015,3455167.0,historical,observed,,
Scotland,S92000003,working_age_population,2016,3460746.0,historical,observed,,
Scotland,S92000003,working_age_population,2017,3461982.0,historical,observed,,
Scotland,S92000003,working_age_population,2018,3454904.0,historical,observed,,
Scotland,S92000003,working_age_population,2019,3457364.0,historical,observed,,
Scotland,S92000003,working_age_population,2020,3448871.0,historical,observed,,
Scotland,S92000003,working_age_population,2021,3440192.0,historical,observed,,
Scotland,S92000003,working_age_population,2022,3457768.0,historical,observed,,
Scotland,S92000003,working_age_population,2023,3479044.0,historical,observed,,
Scotland,S92000003,working_age_population,2024,3479095.8865854903,forecast,"arima(1, 1, 1)",3455633.528993771,3502558.2441772097
Scotland,S92000003,working_age_population,2025,3479126.8665031763,forecast,"arima(1, 1, 1)",3445914.0000804723,3512339.7329258802
Scotland,S92000003,working_age_population,2026,3479145.363679099,forecast,"arima(1, 1, 1)",3438439.3381164325,3519851.3892417653
Scotland,S92000003,working_age_population,2027,3479156.4077858194,forecast,"arima(1, 1, 1)",3432128.4612606163,3526184.3543110224
Scotland,S92000003,working_age_population,2028,3479163.00188936,forecast,"arima(1, 1, 1)",3426563.2895315737,3531762.7142471466
Scotland,S92000003,working_age_population,2029,3479166.93903001,forecast,"arima(1, 1, 1)",3421529.2488322523,3536804.629227767
Scotland,S92000003,working_age_population,2030,3479169.2897781287,forecast,"arima(1, 1, 1)",3416898.597460947,3541439.9820953105
Wales,W92000004,total_population,1981,2813495.0,historical,observed,,
Wales,W92000004,total_population,1982,2804289.0,historical,observed,,
Wales,W92000004,total_population,1983,2803304.0,historical,observed,,
Wales,W92000004,total_population,1984,2800686.0,historical,observed,,
Wales,W92000004,total_population,1985,2803354.0,historical,observed,,
Wales,W92000004,total_population,1986,2810931.0,historical,observed,,
Wales,W92000004,total_population,1987,2822565.0,historical,observed,,
Wales,W92000004,total_population,1988,2841226.0,historical,observed,,
Wales,W92000004,total_population,1989,2855175.0,historical,observed,,
Wales,W92000004,total_population,1990,2861512.0,historical,observed,,
Wales,W92000004,total_population,1991,2872998.0,historical,observed,,
Wales,W92000004,total_population,1992,2877674.0,historical,observed,,
Wales,W92000004,total_population,1993,2883558.0,historical,observed,,
Wales,W92000004,total_population,1994,2887447.0,historical,observed,,
Wales,W92000004,total_population,1995,2888517.0,historical,observed,,
Wales,W92000004,total_population,1996,2891304.0,historical,observed,,
Wales,W92000004,total_population,1997,2894871.0,historical,observed,,
Wales,W92000004,total_population,1998,2899521.0,historical,observed,,
Wales,W92000004,total_population,1999,2900599.0,historical,observed,,
Wales,W92000004,total_population,2000,2906870.0,historical,observed,,
Wales,W92000004,total_population,2001,2910232.0,historical,observed,,
Wales,W92000004,total_population,2002,2922876.0,historical,observed,,
Wales,W92000004,total_population,2003,2937721.0,historical,observed,,
Wales,W92000004,total_population,2004,2957422.0,historical,observed,,
Wales,W92000004,total_population,2005,2969309.0,historical,observed,,
Wales,W92000004,total_population,2006,2985668.0,historical,observed,,
Wales,W92000004,total_population,2007,3006299.0,historical,observed,,
Wales,W92000004,total_population,2008,3025867.0,historical,observed,,
Wales,W92000004,total_population,2009,3038872.0,historical,observed,,
Wales,W92000004,total_population,2010,3049971.0,historical,observed,,
Wales,W92000004,total_population,2011,3063758.0,historical,observed,,
Wales,W92000004,total_population,2012,3070928.0,historical,observed,,
Wales,W92000004,total_population,2013,3071058.0,historical,observed,,
Wales,W92000004,total_population,2014,3073788.0,historical,observed,,
Wales,W92000004,total_population,2015,3072739.0,historical,observed,,
Wales,W92000004,total_population,2016,3077165.0,historical,observed,,
Wales,W92000004,total_population,2017,3081366.0,historical,observed,,
Wales,W92000004,total_population,2018,3083840.0,historical,observed,,
Wales,W92000004,total_population,2019,3087732.0,historical,observed,,
Wales,W92000004,total_population,2020,3104483.0,historical,observed,,
Wales,W92000004,total_population,2021,3105633.0,historical,observed,,
Wales,W92000004,total_population,2022,3134196.0,historical,observed,,
Wales,W92000004,total_population,2023,3167331.0,historical,observed,,
Wales,W92000004,total_population,2024,3186581.0,historical,observed,,
Wales,W92000004,total_population,2025,3194404.2618732513,forecast,"arima(1, 1, 1)",3179314.153058482,3209494.3706880207
Wales,W92000004,total_population,2026,3202227.447390139,forecast,"arima(1, 1, 1)",3180860.295015765,3223594.5997645133
Wales,W92000004,total_population,2027,3210050.5565514094,forecast,"arima(1, 1, 1)",3183848.811546308,3236252.301556511
Wales,W92000004,total_population,2028,3217873.589357807,forecast,"arima(1, 1, 1)",3187581.014394998,3248166.1643206156
Wales,W92000004,total_population,2029,3225696.545810077,forecast,"arima(1, 1, 1)",3191786.6481111343,3259606.4435090194
Wales,W92000004,total_population,2030,3233519.425908965,forecast,"arima(1, 1, 1)",3196327.2946819644,3270711.5571359657
Wales,W92000004,working_age_population,1992,1787493.0,historical,observed,,
Wales,W92000004,working_age_population,1993,1785823.0,historical,observed,,
Wales,W92000004,working_age_population,1994,1784855.0,historical,observed,,
Wales,W92000004,working_age_population,1995,1785189.0,historical,observed,,
Wales,W92000004,working_age_population,1996,1789854.0,historical,observed,,
Wales,W92000004,working_age_population,1997,1794141.0,historical,observed,,
Wales,W92000004,working_age_population,1998,1799111.0,historical,observed,,
Wales,W92000004,working_age_population,1999,1803736.0,historical,observed,,
Wales,W92000004,working_age_population,2000,1811919.0,historical,observed,,
Wales,W92000004,working_age_population,2001,1817359.0,historical,observed,,
Wales,W92000004,working_age_population,2002,1832035.0,historical,observed,,
Wales,W92000004,working_age_population,2003,1847827.0,historical,observed,,
Wales,W92000004,working_age_population,2004,1867955.0,historical,observed,,
Wales,W92000004,working_age_population,2005,1881441.0,historical,observed,,
Wales,W92000004,working_age_population,2006,1897093.0,historical,observed,,
Wales,W92000004,working_age_population,2007,1915370.0,historical,observed,,
Wales,W92000004,working_age_population,2008,1928555.0,historical,observed,,
Wales,W92000004,working_age_population,2009,1934310.0,historical,observed,,
Wales,W92000004,working_age_population,2010,1937725.0,historical,observed,,
Wales,W92000004,working_age_population,2011,1941524.0,historical,observed,,
Wales,W92000004,working_age_population,2012,1929971.0,historical,observed,,
Wales,W92000004,working_age_population,2013,1918531.0,historical,observed,,
Wales,W92000004,working_age_population,2014,1909481.0,historical,observed,,
Wales,W92000004,working_age_population,2015,1900284.0,historical,observed,,
Wales,W92000004,working_age_population,2016,1895193.0,historical,observed,,
Wales,W92000004,working_age_population,2017,1891756.0,historical,observed,,
Wales,W92000004,working_age_population,2018,1887029.0,historical,observed,,
Wales,W92000004,working_age_population,2019,1883726.0,historical,observed,,
Wales,W92000004,working_age_population,2020,1893071.0,historical,observed,,
Wales,W92000004,working_age_population,2021,1892963.0,historical,observed,,
Wales,W92000004,working_age_population,2022,1911473.0,historical,observed,,
Wales,W92000004,working_age_population,2023,1935045.0,historical,observed,,
Wales,W92000004,working_age_population,2024,1947716.0,historical,observed,,
Wales,W92000004,working_age_population,2025,1952330.5064205693,forecast,"arima(1, 1, 1)",1933616.521414928,1971044.4914262106
Wales,W92000004,working_age_population,2026,1956926.671412009,forecast,"arima(1, 1, 1)",1930425.0113290418,1983428.3314949763
Wales,W92000004,working_age_population,2027,1961504.5678765955,forecast,"arima(1, 1, 1)",1929002.7532733658,1994006.3824798253
Wales,W92000004,working_age_population,2028,1966064.2684268383,forecast,"arima(1, 1, 1)",1928483.730364474,2003644.8064892027
Wales,W92000004,working_age_population,2029,1970605.8453866313,forecast,"arima(1, 1, 1)",1928533.0706046657,2012678.620168597
Wales,W92000004,working_age_population,2030,1975129.3707924006,forecast,"arima(1, 1, 1)",1928979.329592239,2021279.411992562
